term,prob,Topic
relation,0.014683504588901997,topics_1
development,0.013756358996033669,topics_1
investment,0.01318216323852539,topics_1
nepal,0.012886677868664265,topics_1
economic,0.011536960490047932,topics_1
connectivity,0.010128841735422611,topics_1
cooperation,0.009568437933921814,topics_1
country,0.009563355706632137,topics_1
project,0.008630342781543732,topics_1
trade,0.00852594431489706,topics_1
