term,prob,Topic
people,0.019771156832575798,topics_3
country,0.013783535920083523,topics_3
must,0.012577240355312824,topics_3
development,0.012025702744722366,topics_3
make,0.010893766768276691,topics_3
well,0.010720738209784031,topics_3
world,0.009590715169906616,topics_3
need,0.009288915432989597,topics_3
challenge,0.007474435959011316,topics_3
great,0.006777236238121986,topics_3
