term,prob,Topic
development,0.01816614717245102,topics_5
reform,0.013180604204535484,topics_5
country,0.012318436056375504,topics_5
implementation,0.010535446926951408,topics_5
remain,0.009703710675239563,topics_5
also,0.009662553668022156,topics_5
cooperation,0.0092927822843194,topics_5
region,0.008881758898496628,topics_5
government,0.007910378277301788,topics_5
delegation,0.0073455944657325745,topics_5
